zi,freq
一,1
丁,4
七,3
丈,4
三,2
上,1
下,1
丌,4
不,1
丐,5
丑,5
专,2
且,2
丕,5
世,2
丘,5
丙,4
业,2
丛,5
东,2
丝,4
丞,5
丟,4
丢,4
两,2
严,3
並,2
丧,5
个,1
丫,5
中,1
丰,5
串,4
临,4
丸,4
丹,4
为,1
主,2
丽,3
举,3
乃,4
久,2
么,4
义,2
之,1
乌,4
乍,5
乎,2
乏,4
乐,2
乔,4
乖,4
乘,4
乙,4
九,3
乞,5
也,1
习,3
乡,4
书,2
乩,5
买,2
乱,3
乳,5
乾,4
亂,3
了,1
予,4
争,3
事,2
二,2
于,4
亏,4
云,4
互,4
五,2
井,4
亙,5
亚,3
些,2
亞,3
亟,5
亡,4
亢,5
交,1
亥,5
亦,3
亨,4
享,3
京,4
亭,5
亮,3
亲,3
亵,5
人,1
亿,4
什,2
仁,3
仄,5
仅,4
仆,5
仇,4
今,2
介,3
仍,3
从,2
仑,5
仓,5
仔,3
仕,5
他,1
仗,5
付,3
仙,4
仝,5
仟,5
代,2
令,3
以,1
仪,4
们,1
仰,4
仲,4
件,2
任,2
份,2
仿,5
企,4
伊,4
伍,4
伏,5
伐,5
休,4
众,3
伙,4
会,1
伞,5
伟,3
传,2
伤,3
伦,4
伪,5
伫,5
伯,4
估,4
伴,4
伶,5
伸,4
伺,5
似,2
伽,5
但,1
佇,5
佈,4
位,2
低,3
住,2
佐,5
佑,5
体,5
佔,4
何,1
余,4
佛,3
作,2
你,1
佢,5
佩,4
佫,5
佬,5
佮,5
佯,5
佰,5
佳,3
併,5
佼,5
使,2
侃,5
來,1
侈,5
例,3
侍,5
侏,5
侖,5
供,3
依,3
侠,4
侥,5
侦,4
侧,4
侨,4
侪,5
侬,5
侮,5
侯,4
侵,4
侶,5
侷,5
便,2
係,3
促,4
俄,5
俊,3
俏,5
俐,5
俑,5
俗,4
俘,5
保,2
俞,5
俟,5
俠,4
信,1
俨,5
俩,5
俪,5
俭,5
修,2
俯,5
俱,4
俺,5
俾,5
倆,5
倉,5
個,1
倌,5
倍,4
們,1
倒,3
倖,5
倘,5
候,2
倚,4
借,4
倡,5
倦,5
倩,5
倪,5
倫,4
债,5
值,3
倾,4
假,3
偈,5
偉,3
偎,5
偏,4
偕,5
做,2
停,3
健,4
側,4
偵,4
偶,4
偷,4
偽,5
偿,5
傀,5
傅,5
傌,5
傍,5
傑,4
傘,5
備,2
傢,4
储,5
催,5
傭,5
傲,4
傳,2
債,5
傷,3
傻,4
傾,4
僅,4
像,2
僑,4
僕,5
僚,5
僥,5
僧,5
僱,5
僵,5
價,2
僻,5
儀,4
儂,5
億,4
儉,5
儒,4
儕,5
儘,4
償,5
儡,5
優,3
儲,5
儷,5
儸,5
儼,5
兀,5
允,4
元,2
兄,2
充,3
兆,5
兇,4
先,2
光,2
克,3
兌,5
免,3
兒,2
兔,4
兜,5
兢,5
入,2
內,2
全,2
兩,2
八,2
公,2
六,2
兮,4
兰,3
共,2
关,2
兴,2
兵,3
其,2
具,3
典,3
养,3
兼,4
兽,4
冀,5
冈,5
冉,5
冊,4
再,2
冒,4
冕,5
冗,5
写,2
军,2
农,4
冠,4
冤,5
冥,5
冬,4
冯,5
冰,4
冲,4
冶,5
冷,3
冻,5
准,4
凋,5
凌,4
凍,5
凜,5
凝,4
几,5
凡,4
凤,2
凭,4
凯,4
凰,2
凱,4
凳,5
凶,5
凸,5
凹,5
出,1
击,3
函,4
凿,5
刀,3
刁,5
刃,5
分,2
切,3
刊,4
刑,5
划,5
列,3
刘,3
则,2
刚,3
创,3
初,3
判,3
別,2
利,2
刪,4
刮,5
到,1
制,2
刷,4
券,5
刺,4
刻,3
剂,5
剃,5
則,2
削,5
剋,5
前,1
剎,5
剑,3
剔,5
剖,5
剛,3
剝,5
剧,3
剩,4
剪,4
副,4
割,4
創,3
剿,5
劃,3
劇,3
劈,5
劉,3
劍,3
劑,5
力,2
劝,4
办,2
功,2
加,2
务,2
劣,5
动,2
助,3
努,3
劫,4
劭,5
励,4
劲,4
劳,4
势,3
勁,4
勃,5
勇,4
勉,4
勋,5
勒,4
動,2
勘,5
務,2
勛,5
勝,3
勞,4
募,5
勢,3
勤,4
勦,5
勳,5
勵,4
勸,4
勻,5
勾,5
勿,4
包,3
匆,5
匈,5
匕,5
化,2
北,2
匙,5
匠,5
匡,5
匣,5
匪,5
匯,5
匹,5
区,2
医,3
匿,5
區,2
十,2
千,3
卅,5
升,3
午,3
卉,5
半,3
华,2
协,3
卑,5
卒,4
卓,5
協,3
单,2
卖,3
南,2
博,3
卜,5
占,5
卡,2
卢,5
卤,5
卦,5
卫,3
卯,5
印,3
危,4
即,2
卵,5
卷,4
卸,5
卻,2
卿,5
厄,5
厅,4
历,3
厉,4
压,3
厌,4
厚,4
厝,5
原,2
厥,5
厭,4
厲,4
去,1
县,4
参,2
參,2
又,2
叉,5
及,2
友,2
双,3
反,2
发,1
叔,4
取,2
受,2
变,2
叛,5
叠,5
叡,5
叢,5
口,2
古,3
句,3
另,2
叨,5
叩,5
叫,2
召,4
叭,4
叮,5
可,1
台,2
史,3
右,3
叶,3
号,2
司,3
叹,4
叽,5
吃,2
各,2
合,2
吉,3
吊,4
吋,5
同,1
名,2
后,4
吏,5
吐,4
向,2
吓,4
吗,1
君,3
吝,4
吞,5
吟,4
吠,5
否,2
吧,2
吩,5
含,3
吭,5
吱,5
吳,3
吵,4
吶,5
吸,4
吹,4
吻,5
吼,5
吽,5
吾,4
呀,3
呂,4
呃,5
呆,3
呈,5
告,2
呎,5
呒,5
呕,5
员,2
呛,5
呜,3
呢,2
呦,5
周,3
呱,5
味,3
呵,2
呸,5
呻,5
呼,3
命,2
咀,5
咄,5
咆,5
和,1
咎,5
咐,5
咒,5
咕,5
咖,4
咙,5
咚,5
咛,5
咦,4
咧,4
咨,5
咪,4
咫,5
咬,4
咯,5
咱,4
咳,5
咸,5
咻,5
咽,5
咿,5
哀,4
品,2
哄,5
哇,3
哈,2
哉,4
响,3
哎,4
哑,5
哔,5
哗,5
哟,5
員,2
哥,3
哦,3
哨,5
哩,4
哪,2
哭,4
哲,4
哺,5
哼,5
唆,5
唇,5
唉,3
唐,4
唔,5
唤,5
唬,4
售,3
唯,4
唱,3
唷,4
唸,4
唾,5
啃,5
啄,5
商,3
啊,2
問,1
啞,5
啟,3
啡,4
啤,5
啥,3
啦,2
啧,5
啪,4
啸,5
啼,5
啾,5
喀,5
喂,4
喃,5
善,3
喇,4
喈,5
喉,5
喊,4
喔,2
喘,5
喙,5
喚,5
喜,2
喝,4
喧,5
喪,5
喬,4
單,2
喲,5
喵,4
喷,4
喻,5
喽,5
嗅,5
嗆,5
嗈,5
嗎,1
嗓,5
嗔,5
嗚,3
嗜,5
嗡,5
嗤,5
嗨,4
嗯,3
嗳,5
嗶,5
嗽,5
嘆,4
嘉,4
嘍,5
嘎,5
嘔,5
嘖,5
嘗,4
嘛,3
嘟,5
嘩,5
嘯,5
嘰,5
嘱,5
嘲,5
嘴,4
嘶,5
嘸,5
嘻,3
嘿,3
噁,5
噎,5
噓,5
噗,5
噜,5
噢,5
器,2
噩,5
噪,5
噫,5
噬,5
噯,5
噱,5
噴,4
噶,5
噸,5
噹,5
嚀,5
嚇,4
嚎,5
嚐,5
嚕,5
嚣,5
嚨,5
嚮,5
嚴,3
嚷,5
嚼,5
囂,5
囉,3
囊,5
囑,5
囚,5
四,2
囝,5
回,2
因,1
囡,5
团,3
园,3
困,4
围,4
固,4
国,1
图,2
圆,4
圈,4
國,1
圍,4
園,3
圓,4
圖,2
團,3
土,3
在,1
圭,5
地,1
圳,5
场,2
圾,4
址,4
均,3
坊,5
坎,5
坐,3
坑,5
块,3
坚,4
坛,5
坜,4
坝,5
坞,5
坟,5
坠,5
坡,4
坤,4
坦,4
坪,4
坷,5
垂,5
垃,4
垄,5
型,2
垒,3
垚,5
垠,5
垢,5
垣,5
垦,5
垫,5
垮,5
埃,5
埋,5
城,2
埔,5
域,4
埠,5
執,3
埸,5
培,4
基,2
堂,3
堅,4
堆,3
堇,5
堉,5
堑,5
堕,4
堡,5
堤,5
堪,4
堯,5
報,2
場,2
堵,5
塊,3
塌,5
塑,5
塔,4
塗,4
塘,5
塚,5
塞,4
塢,5
填,4
塵,4
塹,5
塾,5
境,3
墅,5
墉,5
墊,5
墓,5
墜,5
增,3
墟,5
墨,4
墮,4
墳,5
墾,5
壁,4
壇,5
壓,3
壘,3
壞,3
壟,5
壢,4
壤,5
壩,5
士,2
壮,4
壯,4
声,2
壶,5
壹,5
壺,5
壽,4
处,2
备,2
夏,4
夕,4
外,2
夙,5
多,1
夜,3
夠,3
夢,2
夥,4
大,1
天,1
太,2
夫,3
夭,5
央,2
失,2
头,2
夷,5
夸,5
夹,4
夺,4
夾,4
奄,5
奇,2
奈,4
奉,4
奋,4
奎,5
奏,3
契,4
奔,4
奕,5
套,3
奚,5
奠,5
奢,5
奧,4
奪,4
奮,4
女,2
奴,5
奶,4
奸,5
她,2
好,1
如,1
妃,5
妄,5
妆,5
妇,4
妈,3
妒,5
妓,5
妖,5
妙,4
妝,5
妞,5
妥,4
妨,4
妮,4
妳,2
妹,3
妻,4
妾,5
姆,4
姊,4
始,2
姐,3
姑,4
姓,4
委,3
姚,5
姜,5
姥,5
姦,5
姨,5
姬,5
姻,5
姿,4
威,3
娃,4
娇,5
娑,5
娘,4
娛,5
娜,5
娟,5
娣,5
娥,5
娴,5
娶,5
婆,4
婉,5
婊,5
婚,4
婦,4
婪,5
婴,5
婵,5
婷,5
婿,5
媒,4
媚,5
媛,5
媲,5
媳,5
媽,3
嫁,5
嫂,5
嫉,5
嫌,4
嫖,5
嫣,5
嫩,5
嫻,5
嬉,5
嬋,5
嬌,5
嬰,5
嬴,5
子,1
孔,4
孕,5
字,2
存,3
孙,4
孝,4
孟,4
季,4
孤,4
学,1
孩,2
孫,4
孰,5
孵,5
學,1
孺,5
孽,5
它,2
宅,5
宇,4
守,3
安,2
宋,4
完,2
宏,4
宗,3
官,3
宙,4
定,1
宛,5
宜,3
宝,3
实,2
宠,5
审,4
客,3
宣,3
室,2
宪,4
宮,4
宰,5
害,3
宴,5
宵,5
家,1
容,2
宽,4
宾,4
宿,3
寂,4
寄,3
寅,5
密,3
寇,5
富,4
寐,5
寒,4
寓,5
寝,4
寞,4
察,4
寡,5
寢,4
寥,5
實,2
寧,4
審,4
寫,2
寬,4
寮,5
寰,5
寵,5
寶,3
寸,5
对,1
寺,5
寻,3
导,3
寿,4
封,3
射,3
将,2
將,2
專,2
尉,5
尊,4
尋,3
對,1
導,3
小,1
少,2
尔,3
尖,4
尘,4
尚,3
尝,4
尤,3
尧,5
尪,5
尬,5
就,1
尴,5
尷,5
尸,5
尹,5
尺,4
尼,4
尽,3
尾,4
尿,5
局,3
屁,4
层,4
居,3
屆,4
屈,5
屋,4
屌,5
屍,5
屎,5
屏,4
屐,5
屑,5
展,3
屜,5
属,3
屠,4
屡,5
屢,5
層,4
履,5
屬,3
屯,5
山,2
屿,5
岁,3
岂,4
岐,5
岔,5
岗,5
岚,4
岛,4
岡,5
岩,5
岫,5
岱,5
岳,5
岸,4
峙,5
峡,5
峥,5
峦,5
峨,5
峭,5
峰,4
島,4
峻,5
峽,5
崇,4
崎,5
崑,5
崔,5
崖,5
崗,5
崙,5
崚,5
崢,5
崩,5
崭,5
嵐,4
嵘,5
嵩,5
嶄,5
嶸,5
嶺,4
嶼,5
嶽,5
巅,5
巍,5
巒,5
巔,5
巖,5
川,4
州,4
巡,4
巢,5
工,1
左,3
巧,3
巨,4
巩,5
巫,4
差,2
己,2
已,2
巳,5
巴,3
巷,4
巾,5
币,4
市,2
布,3
帅,4
帆,5
师,2
希,2
帐,4
帕,5
帖,5
帜,5
帝,3
帥,4
带,2
師,2
席,4
帮,2
帳,4
帶,2
常,2
帽,4
幅,4
幌,5
幕,3
幟,5
幢,5
幣,4
幫,2
干,4
平,2
年,1
并,5
幸,3
幹,3
幻,4
幼,4
幽,4
幾,2
广,3
庄,5
庆,4
庇,5
床,4
序,4
庐,5
库,4
应,2
底,3
店,3
庙,5
庚,5
府,3
庞,5
废,4
度,2
座,3
庫,4
庭,4
庶,5
康,3
庸,4
廁,5
廂,5
廈,5
廉,4
廊,5
廓,5
廖,4
廚,5
廝,5
廟,5
廠,3
廢,4
廣,3
廬,5
廳,4
延,4
廷,4
建,2
廿,5
开,2
弃,4
弄,3
弊,5
弋,5
式,2
弓,5
弔,5
引,2
弗,5
弘,4
弟,2
张,2
弥,4
弦,4
弧,5
弩,5
弯,4
弱,4
張,2
強,2
弹,3
彈,3
彌,4
彎,4
归,3
当,1
彗,5
彙,5
形,2
彤,5
彥,4
彩,3
彪,5
彬,4
彭,4
彰,4
影,2
彷,5
役,4
彻,4
彼,4
彿,5
往,3
征,4
径,4
待,3
很,1
徉,5
徊,5
律,3
後,1
徐,4
徑,4
徒,4
得,1
徘,5
徙,5
徜,5
從,2
御,5
徨,5
復,3
循,5
徬,5
微,3
徵,3
德,3
徹,4
徽,5
心,1
必,2
忆,3
忌,4
忍,4
志,3
忘,3
忙,3
忠,4
忧,4
快,2
忱,5
念,2
忽,4
忿,5
态,3
怅,5
怆,5
怎,2
怒,4
怔,5
怕,3
怖,4
思,2
怠,5
怡,4
急,3
性,2
怨,4
怪,2
怯,5
总,2
恁,5
恃,5
恆,4
恋,3
恍,5
恐,3
恕,5
恢,4
恣,5
恤,5
恥,4
恨,4
恩,4
恬,5
恭,4
息,3
恰,4
恳,5
恶,3
恸,5
恺,5
恼,4
悄,5
悅,4
悉,4
悍,5
悔,4
悟,4
悠,4
患,5
您,2
悬,5
悯,5
悲,3
悴,5
悵,5
悶,4
悸,5
悼,5
悽,5
情,2
惆,5
惋,5
惑,4
惕,5
惘,5
惚,5
惜,3
惟,5
惠,4
惡,3
惦,5
惧,4
惨,4
惩,5
惫,5
惭,5
惮,5
惯,4
惰,5
惱,4
想,1
惶,5
惹,4
惺,5
愁,4
愈,4
愉,4
意,1
愕,5
愚,4
愛,2
感,2
愣,5
愤,5
愧,5
愴,5
愷,5
愿,5
慄,5
慈,4
態,3
慌,5
慎,5
慕,4
慘,4
慚,5
慟,5
慢,3
慣,4
慧,3
慨,5
慮,3
慰,4
慵,5
慶,4
慷,5
慾,4
憂,4
憊,5
憋,5
憎,5
憐,4
憑,4
憔,5
憚,5
憤,5
憧,5
憨,5
憩,5
憫,5
憬,5
憲,4
憶,3
憾,4
懂,3
懇,5
懈,5
應,2
懊,5
懋,5
懒,4
懦,5
懲,5
懶,4
懷,3
懸,5
懺,5
懼,4
懿,5
戀,3
戈,5
戊,5
戌,5
戏,3
成,1
我,1
戒,4
或,2
战,2
戚,5
截,4
戮,5
戰,2
戲,3
戳,5
戴,4
戶,4
房,3
所,1
扁,3
扇,4
扉,5
手,2
才,2
扎,5
扑,5
扒,5
打,2
扔,5
托,4
扛,5
扣,4
执,3
扩,4
扪,5
扫,4
扬,4
扭,5
扮,5
扯,4
扳,5
扶,5
批,4
扼,5
找,2
承,3
技,3
抄,4
抉,5
把,2
抑,5
抒,5
抓,3
投,2
抖,5
抗,4
折,4
抚,5
抠,5
抢,4
护,3
报,2
抨,5
披,4
抬,4
抱,3
抴,5
抵,4
抹,4
押,5
抽,4
拂,5
担,3
拆,4
拇,5
拈,5
拉,3
拋,4
拌,5
拍,4
拐,5
拒,4
拓,5
拔,4
拖,4
拗,5
拘,5
拙,5
拚,5
招,3
拜,3
拟,4
拢,5
拣,5
拥,4
拦,5
拨,4
择,3
括,4
拭,5
拯,5
拱,5
拳,4
拷,5
拼,4
拾,4
拿,2
持,2
挂,5
指,2
按,3
挑,4
挖,4
挚,5
挟,5
挠,5
挡,4
挣,5
挤,4
挥,4
挨,5
挪,5
挫,5
振,4
挺,4
挽,5
挾,5
捉,5
捌,5
捍,5
捏,5
捐,4
捕,4
捞,5
损,4
捡,4
换,2
捣,5
捧,5
捨,4
捫,5
捲,4
捶,5
捷,4
掀,5
掃,4
授,3
掉,2
掌,4
掏,5
排,3
掘,5
掙,5
掛,4
掠,5
採,4
探,4
接,2
控,3
推,3
掩,5
措,4
掰,5
掳,5
掷,5
揀,5
揉,5
揍,5
描,4
提,1
插,4
揖,5
揚,4
換,2
握,4
揣,5
揪,5
揭,5
揮,4
援,3
揹,5
揽,5
搁,5
搂,5
搅,5
損,4
搏,5
搓,5
搔,5
搖,4
搗,5
搜,5
搞,3
搧,5
搪,5
搬,4
搭,4
搶,4
摄,4
摆,4
摊,5
摔,5
摘,4
摟,5
摧,5
摩,4
摯,5
摳,5
摸,4
摹,5
摺,5
撇,5
撈,5
撐,4
撒,5
撓,5
撕,5
撞,4
撤,5
撥,4
撩,5
撫,5
播,3
撮,5
撰,5
撲,5
撷,5
撼,5
撿,4
擁,4
擂,5
擄,5
擅,5
擇,3
擊,3
擋,4
操,4
擎,4
擒,5
擔,3
據,3
擞,5
擠,4
擦,4
擬,4
擱,5
擲,5
擴,4
擷,5
擺,4
擻,5
擾,4
攀,5
攏,5
攔,5
攘,5
攜,5
攝,4
攤,5
攪,5
攬,5
支,2
收,2
攸,5
改,2
攻,3
放,2
政,2
故,2
效,3
敌,4
敏,4
救,3
敕,5
敗,3
敘,5
教,2
敛,5
敝,4
敞,5
敢,3
散,4
敦,4
敬,4
数,2
敲,5
整,2
敵,4
敷,5
數,2
斂,5
斃,5
文,1
斋,4
斌,5
斐,5
斑,5
斗,4
料,2
斜,5
斟,5
斤,5
斥,5
斧,5
斩,5
斬,5
断,3
斯,3
新,1
斷,3
方,2
於,1
施,3
旁,3
旄,5
旅,4
旋,4
族,3
旗,4
无,1
既,3
日,2
旦,4
旧,3
旨,5
早,3
旬,5
旭,4
旱,5
时,1
旷,5
旺,5
旻,5
昀,5
昂,5
昆,5
昇,4
昌,4
明,2
昏,4
易,3
昔,5
昕,5
昙,5
星,2
映,4
春,3
昧,5
昨,3
昭,4
是,1
昱,5
昶,5
昼,5
显,3
時,1
晃,5
晉,5
晋,5
晏,5
晒,5
晓,4
晔,5
晕,5
晖,5
晚,3
晝,5
晦,5
晨,4
普,3
景,3
晰,5
晴,4
晶,4
智,3
暂,4
暇,5
暈,5
暉,5
暐,5
暑,4
暖,4
暗,3
暢,5
暧,5
暨,5
暫,4
暮,5
暱,5
暴,3
暸,5
曄,5
曆,5
曇,5
曉,4
曖,5
曙,5
曜,5
曝,5
曠,5
曦,5
曬,5
曰,4
曲,3
曳,5
更,2
書,2
曹,5
曼,4
曾,2
替,4
最,1
會,1
月,2
有,1
朋,2
服,2
朔,5
朕,5
朗,4
望,2
朝,4
期,2
朦,5
朧,5
木,3
未,2
末,4
本,1
札,5
朮,5
术,3
朱,4
朴,5
朵,4
机,5
朽,5
杀,3
杂,3
权,2
杆,5
杉,5
李,2
杏,5
材,4
村,4
杖,5
杜,4
束,4
条,3
来,1
杨,3
杭,5
杯,4
杰,5
東,2
松,4
板,2
枉,5
析,4
枕,5
林,2
枚,5
果,1
枝,4
枢,4
枪,4
枫,4
枭,5
枯,5
架,3
枷,5
柄,5
柏,4
某,3
染,4
柔,4
柚,5
柠,5
查,3
柯,5
柱,5
柳,4
柴,5
柵,5
标,2
栈,5
栋,5
栏,4
树,3
栗,5
校,2
株,5
样,2
核,3
根,3
格,2
栽,5
栾,5
桂,5
桃,4
框,5
案,2
桌,4
桐,5
桑,4
桓,5
桔,5
桠,5
档,2
桥,4
桦,5
桨,5
桩,5
桶,5
桿,5
梁,4
梅,3
梓,5
條,3
梟,5
梢,5
梦,2
梧,5
梨,5
梭,5
梯,4
械,4
梳,5
梵,5
检,3
棄,4
棉,5
棋,4
棍,5
棒,3
棕,5
棘,5
棚,4
棟,5
棠,5
棧,5
森,4
棲,5
棵,5
棺,5
椅,4
植,4
椎,5
椏,5
椒,5
椰,4
楊,3
楓,4
楚,3
楞,5
楠,5
楣,5
業,2
極,3
楷,5
楼,3
概,3
榄,5
榔,5
榕,5
榜,4
榨,5
榮,3
榴,5
榷,5
槃,5
構,3
槌,5
槍,4
槓,5
槛,5
槟,5
槳,5
槽,5
樁,5
樂,2
樊,5
樑,5
樓,3
標,2
樞,4
樟,5
模,3
樣,2
樱,5
樵,5
樸,5
樹,3
樺,5
樽,5
橄,5
橋,4
橘,5
橙,5
機,1
橡,5
橫,4
檀,5
檔,2
檢,3
檬,5
檯,5
檳,5
檸,5
檻,5
櫃,5
櫥,5
櫻,5
欄,4
權,2
欒,5
欖,5
欠,5
次,2
欢,2
欣,3
欧,4
欲,3
欺,4
欽,4
款,4
歇,5
歉,3
歌,2
歎,5
歐,4
歡,2
止,3
正,2
此,2
步,3
武,3
歧,5
歪,5
歲,3
歷,3
歸,3
歹,5
死,2
歼,5
殃,5
殆,5
殉,5
殊,4
残,4
殖,5
殘,4
殭,5
殲,5
殴,5
段,3
殷,5
殺,3
殼,4
殿,5
毀,4
毅,4
毆,5
毋,5
母,3
每,2
毒,3
毓,5
比,2
毕,3
毙,5
毛,3
毫,4
毯,5
氏,4
民,2
氓,5
氛,5
氢,5
氣,2
氧,5
氫,5
氮,5
氯,5
水,2
永,3
氾,5
汀,5
汁,5
求,2
汇,5
汉,3
汎,5
汐,5
汗,5
汙,5
汝,4
汞,5
江,3
池,4
污,4
汤,4
汪,4
汰,5
汲,5
汶,5
決,2
汽,4
沁,5
沂,5
沈,4
沉,4
沌,5
沐,5
沒,1
沖,4
沙,4
沛,5
沟,4
沥,5
沦,5
沧,4
沫,5
沮,5
沱,5
河,4
沸,5
油,3
治,3
沼,5
沾,5
沿,4
況,3
泄,5
泉,4
泊,5
泌,5
泓,5
法,1
泛,5
泠,5
泡,4
波,3
泣,5
泥,4
注,3
泰,4
泳,4
泻,5
泼,5
泽,4
洋,3
洒,5
洗,4
洛,4
洞,4
津,5
洩,4
洪,4
洲,4
洶,5
洸,5
洹,5
活,2
洽,4
派,3
流,2
浅,4
浆,5
浇,5
浊,5
测,3
济,3
浏,5
浑,5
浒,5
浓,4
浦,5
浩,4
浪,3
浮,4
浴,5
海,2
浸,5
涂,5
涅,5
消,3
涉,4
涓,5
涕,5
涛,4
涟,5
涡,5
润,5
涨,4
涩,5
涯,4
液,4
涵,4
涼,4
淆,5
淇,5
淋,5
淌,5
淑,4
淒,5
淘,5
淚,4
淡,4
淤,5
淨,4
淪,5
淫,5
淮,5
深,3
淳,5
淵,5
混,4
淹,5
淺,4
添,5
淼,5
清,2
渊,5
渍,5
渎,5
渐,4
渔,5
渗,5
渚,5
減,4
渝,5
渠,5
渡,4
渣,5
渦,5
測,3
港,4
渲,5
渴,5
游,4
渺,5
渾,5
湄,5
湊,5
湖,3
湘,5
湛,5
湧,5
湯,4
湾,2
湿,5
溃,5
溉,5
源,3
準,3
溜,5
溝,4
溢,5
溪,4
溫,3
溯,5
溶,5
溺,5
溼,5
滄,4
滅,4
滋,4
滑,4
滔,5
滞,5
满,2
滤,5
滥,4
滨,5
滩,5
滯,5
滲,5
滴,4
滷,5
滸,5
滾,4
滿,2
漁,5
漂,4
漆,5
漏,4
演,3
漠,5
漢,3
漣,5
漩,5
漪,5
漫,3
漬,5
漱,5
漲,4
漸,4
漾,5
漿,5
潇,5
潑,5
潔,4
潘,5
潛,4
潜,4
潤,5
潭,5
潮,4
潰,5
澀,5
澄,5
澆,5
澈,5
澎,5
澜,5
澡,5
澤,4
澱,5
澳,5
激,3
濁,5
濃,4
濑,5
濒,5
濕,5
濛,5
濟,3
濤,4
濫,4
濯,5
濱,5
濾,5
瀆,5
瀉,5
瀏,5
瀑,5
瀕,5
瀚,5
瀛,5
瀝,5
瀟,5
瀨,5
瀰,5
瀾,5
灌,3
灑,5
灘,5
灣,2
火,3
灭,4
灯,3
灰,4
灵,3
灸,5
灼,5
災,4
灿,5
炉,4
炊,5
炎,4
炒,5
炙,5
炜,5
炫,5
炬,5
炭,5
炮,4
炯,5
炳,5
炸,4
点,2
為,1
炼,5
炽,5
烁,5
烂,3
烈,4
烏,4
烘,5
烙,5
烛,5
烤,4
烦,3
烧,4
烫,5
烬,5
热,3
烹,5
烽,5
焉,5
焊,5
焕,5
焚,5
焜,5
無,1
焦,4
焰,5
然,1
煉,5
煌,5
煎,5
煒,5
煙,4
煚,5
煜,5
煞,4
煤,5
煥,5
煦,5
照,3
煩,3
煮,5
煽,5
熄,5
熊,4
熔,5
熙,5
熟,4
熬,5
熱,3
熹,5
熾,5
燃,4
燄,5
燈,3
燒,4
燕,5
燙,5
營,3
燥,5
燦,5
燭,5
燼,5
燿,5
爆,4
爍,5
爐,4
爛,3
爪,5
爬,4
爭,3
爱,2
爲,1
爵,4
父,3
爷,4
爸,4
爹,5
爺,4
爽,3
爾,3
牆,4
片,2
版,2
牌,3
牙,4
牛,3
牟,5
牠,4
牡,5
牢,5
牧,4
物,2
牲,4
牵,4
特,2
牺,4
牽,4
犀,5
犧,4
犬,5
犯,4
状,3
犹,4
狀,3
狂,3
狄,5
狐,4
狗,3
狙,5
狠,4
狡,5
独,2
狭,5
狮,4
狱,4
狷,5
狸,5
狹,5
狼,4
猎,5
猖,5
猛,4
猜,4
猩,5
献,4
猴,5
猶,4
猿,5
獄,4
獅,4
獎,4
獨,2
獲,4
獵,5
獸,4
獻,4
玄,4
率,3
玉,4
王,2
玖,5
玛,4
玟,5
玩,2
玫,4
玮,5
环,3
现,1
玲,4
玺,5
玻,5
珀,5
珈,5
珊,5
珍,4
珑,5
珠,4
班,2
珮,5
現,1
球,2
理,2
琇,5
琉,5
琐,5
琦,5
琨,5
琪,4
琮,5
琳,5
琴,3
琵,5
琶,5
琼,5
瑄,5
瑋,5
瑕,5
瑚,5
瑛,5
瑜,4
瑞,4
瑟,5
瑣,5
瑤,5
瑩,5
瑪,4
瑰,4
瑾,5
璀,5
璁,5
璃,5
璇,5
璋,5
璜,5
璞,5
璟,5
璧,5
環,3
璽,5
璿,5
瓊,5
瓏,5
瓜,4
瓢,5
瓣,5
瓦,4
瓶,4
瓷,5
甄,5
甘,4
甚,3
甜,4
生,1
產,3
産,3
甦,5
用,1
甩,5
甫,5
甭,5
田,3
由,2
甲,3
申,4
电,1
男,2
甸,5
画,2
畅,5
界,2
畏,5
畔,5
留,2
畜,5
畢,3
略,4
番,4
畫,2
異,3
畴,5
當,1
畸,5
疆,5
疇,5
疊,5
疋,5
疏,4
疑,3
疗,4
疙,5
疚,5
疤,5
疫,5
疮,5
疯,4
疲,5
疵,5
疹,5
疼,4
疾,5
病,3
症,5
痊,5
痔,5
痕,4
痘,5
痛,3
痞,5
痠,5
痪,5
痲,5
痴,4
痺,5
瘀,5
瘋,4
瘓,5
瘖,5
瘟,5
瘡,5
瘤,5
瘦,5
瘩,5
瘫,5
瘴,5
瘾,5
療,4
癌,5
癒,5
癖,5
癡,4
癢,5
癥,5
癮,5
癱,5
癸,5
登,3
發,1
白,2
百,3
皂,5
的,1
皆,3
皇,4
皈,5
皓,5
皮,3
皱,5
皺,5
盃,4
盆,5
盈,5
益,3
盎,5
盏,5
盐,5
监,4
盒,5
盔,5
盖,4
盘,4
盛,4
盜,4
盞,5
盟,4
盡,3
監,4
盤,4
盧,5
盪,5
目,2
盯,5
盲,5
直,2
相,2
盼,4
盾,4
省,3
眉,4
看,1
眛,5
真,1
眠,4
眨,5
眩,5
眶,5
眷,5
眸,5
眺,5
眼,2
眾,3
睁,5
睏,5
睐,5
睛,4
睜,5
睞,5
睡,3
督,3
睦,5
睬,5
睹,5
睿,5
瞄,5
瞇,5
瞋,5
瞌,5
瞎,5
瞒,5
瞞,5
瞥,5
瞧,4
瞩,5
瞪,5
瞬,5
瞭,4
瞳,5
瞻,5
矇,5
矗,5
矚,5
矛,4
矜,5
矢,5
矣,4
知,1
矩,5
矫,5
短,4
矮,5
矯,5
石,3
矶,5
矽,5
矿,5
码,3
砂,4
砌,5
砍,4
研,2
砖,5
砗,5
砰,5
砲,4
破,2
砸,5
础,4
硕,4
硝,5
硨,5
硫,5
硬,3
硷,5
碌,5
碍,4
碎,4
碑,5
碗,4
碘,5
碟,3
碧,4
碩,4
碰,4
碳,5
碴,5
確,2
碼,3
磁,3
磅,5
磊,5
磋,5
磕,5
磚,5
磨,4
磯,5
磷,5
礁,5
礎,4
礙,4
礦,5
示,3
礼,3
社,2
祁,5
祂,5
祇,5
祈,5
祉,5
祐,5
祕,5
祖,4
祝,4
神,2
祟,5
祠,5
祥,4
票,3
祭,5
祯,5
祷,5
祸,4
祺,5
祿,5
禁,4
禅,4
禍,4
禎,5
福,3
禦,5
禧,5
禪,4
禮,3
禱,5
禹,5
禽,5
禾,5
禿,5
秀,4
私,4
秉,5
秋,4
科,2
秒,4
秘,4
租,4
秤,4
秦,4
秩,5
积,4
称,3
移,4
秽,5
稀,5
稅,4
程,2
稍,4
稚,5
稜,5
稟,5
稠,5
稣,4
種,2
稱,3
稳,4
稻,5
稽,5
稿,4
穀,5
穆,5
穌,4
積,4
穎,5
穗,5
穢,5
穩,4
穫,5
穴,5
究,2
穷,4
穹,4
空,2
穿,3
突,3
窃,5
窄,5
窈,5
窍,5
窒,5
窕,5
窗,4
窘,5
窜,5
窝,4
窟,5
窥,5
窦,5
窩,4
窮,4
窯,5
窺,5
竄,5
竅,5
竇,5
竊,5
立,2
竑,5
站,1
竞,4
竟,3
章,1
竣,5
童,4
竭,5
端,4
競,4
竹,2
竺,5
竿,5
笃,5
笈,5
笑,2
笔,3
笙,5
笛,4
笠,5
符,4
笨,4
第,2
笺,5
笼,5
筆,3
等,2
筋,4
筍,5
筑,5
筒,5
答,3
策,3
筛,5
筝,5
筠,5
筱,5
筷,5
筹,4
签,3
简,3
箋,5
箏,5
箔,5
算,2
管,2
箫,5
箭,4
箱,4
節,3
範,4
篇,3
築,4
篑,5
篠,5
篤,5
篩,5
篮,4
簇,5
簡,3
簣,5
簧,5
簫,5
簽,3
簾,5
簿,5
籃,4
籌,4
籍,4
籐,5
籠,5
籤,5
籬,5
籲,5
米,4
类,2
籽,5
粉,4
粒,5
粗,4
粘,5
粥,5
粪,5
粮,5
粱,5
粵,5
粹,5
粽,5
精,3
糊,4
糕,4
糖,5
糗,5
糙,5
糞,5
糟,4
糢,5
糧,5
系,2
糾,5
紀,3
約,3
紅,3
紊,5
紋,5
納,4
紐,5
紓,5
純,3
紗,5
紙,3
級,2
紛,4
素,3
紡,5
索,4
紧,4
紫,4
紮,5
累,4
細,3
紳,5
紹,3
終,3
絃,5
組,2
絆,5
結,2
絕,3
絞,5
絡,3
絢,5
給,2
絨,5
絮,5
統,2
絲,4
綁,5
經,2
綜,4
綠,4
維,3
綱,4
網,2
綴,5
綸,5
綺,5
綻,5
綽,5
綾,5
綿,5
緊,4
緒,4
線,2
緝,5
締,5
緣,3
編,3
緩,4
緬,5
緯,5
練,3
緻,5
縈,5
縛,5
縣,4
縫,5
縮,4
縱,4
縷,5
總,2
績,4
繁,4
繃,5
繆,5
織,4
繕,5
繞,4
繡,5
繩,5
繪,4
繫,5
繭,5
繳,4
繹,5
繼,3
繽,5
續,3
纏,5
纖,5
纜,5
纠,5
红,3
纤,5
约,3
级,2
纪,3
纬,5
纯,3
纱,5
纲,4
纳,4
纵,4
纶,5
纷,4
纸,3
纹,5
纺,5
纽,5
纾,5
练,3
组,2
绅,5
细,3
织,4
终,3
绊,5
绍,3
绎,5
经,2
绑,5
绒,5
结,2
绕,4
绘,4
给,2
绚,5
络,3
绞,5
统,2
继,3
绩,4
绪,4
绫,5
续,3
绮,5
绰,5
绳,5
维,3
绵,5
综,4
绽,5
缀,5
缅,5
缆,5
缉,5
缓,4
缔,5
缕,5
编,3
缘,3
缚,5
缝,5
缠,5
缤,5
缩,4
缪,5
缮,5
缴,4
缸,4
缺,3
罐,5
罔,5
罕,5
罗,3
罚,4
罢,3
罣,5
罩,5
罪,3
置,3
罰,4
署,4
罵,3
罷,3
罹,5
羁,5
羅,3
羈,5
羊,4
美,2
羔,5
羚,5
羞,4
群,3
羨,5
義,2
羯,5
羲,5
羹,5
羽,4
羿,5
翁,4
翅,5
翊,5
翎,5
習,3
翔,4
翘,4
翟,5
翠,5
翡,5
翩,5
翰,5
翱,5
翹,4
翻,3
翼,4
耀,4
老,2
考,2
者,2
而,1
耍,4
耐,4
耕,5
耗,4
耘,5
耙,5
耨,5
耳,4
耶,2
耸,5
耽,5
耿,5
聂,5
聆,5
聊,3
聋,5
职,3
联,2
聖,3
聘,5
聚,4
聞,3
聪,4
聯,2
聰,4
聲,2
聳,5
聶,5
職,3
聽,2
聾,5
聿,5
肃,5
肅,5
肆,5
肇,5
肉,3
肋,5
肌,5
肖,5
肘,5
肚,4
肛,5
肝,5
肠,5
股,4
肢,5
肤,5
肥,4
肩,4
肪,5
肯,4
育,3
肺,5
肾,5
肿,5
胀,5
胁,5
胃,5
胆,4
背,3
胎,4
胏,5
胖,4
胚,5
胞,4
胡,4
胥,5
胧,5
胶,5
胸,4
胺,5
能,1
脂,5
脅,5
脆,4
脈,5
脊,5
脏,5
脑,2
脖,5
脫,4
脸,3
脹,5
脾,5
腎,5
腐,5
腔,5
腕,5
腥,5
腦,2
腫,5
腰,4
腳,3
腸,5
腹,5
腺,5
腻,5
腾,5
腿,4
膀,5
膏,5
膚,5
膛,5
膜,5
膝,5
膠,5
膨,5
膩,5
膳,5
膺,5
膽,4
臀,5
臂,5
臆,5
臉,3
臘,5
臟,5
臣,5
臥,4
臨,4
自,1
臭,4
至,2
致,3
臺,2
臻,5
臼,5
舅,5
舆,5
與,2
興,2
舉,3
舊,3
舌,5
舍,4
舒,4
舔,5
舖,5
舜,5
舞,3
舟,4
航,4
般,2
舰,4
舱,5
舵,5
船,4
艇,5
艘,5
艙,5
艦,4
良,3
艰,5
艱,5
色,2
艳,5
艷,5
艸,5
艺,3
艾,4
节,3
芋,5
芒,5
芙,5
芜,5
芝,5
芥,5
芦,5
芬,4
芭,5
芯,5
花,2
芳,4
芷,5
芹,5
芽,5
苇,5
苍,4
苏,4
苑,5
苓,5
苔,5
苗,5
苛,5
苟,5
若,2
苦,3
英,2
茁,5
茂,5
范,5
茄,5
茅,5
茉,5
茍,5
茎,5
茗,5
茜,5
茫,4
茱,5
茲,5
茵,5
茶,4
茹,5
草,3
荊,5
荐,5
荒,4
荡,5
荣,3
荤,5
荫,5
药,4
荳,5
荷,4
荻,5
荼,5
莉,4
莊,4
莎,4
莒,5
莓,5
莖,5
莘,5
莫,3
莱,4
莲,4
获,4
莹,5
莺,5
莽,5
菁,5
菇,5
菊,5
菌,5
菜,4
菩,4
華,2
菱,5
菲,4
菸,5
萃,5
萄,5
萊,4
萌,5
萍,5
萎,5
萝,5
萤,3
营,3
萦,5
萧,4
萨,4
萬,2
萱,5
落,3
葉,3
葔,5
著,2
葛,4
葡,5
董,5
葦,5
葫,5
葬,5
葭,5
葳,5
葵,5
葷,5
葾,5
蒂,5
蒋,4
蒐,5
蒙,4
蒜,5
蒞,5
蒲,5
蒸,5
蒹,5
蒼,4
蓄,5
蓉,5
蓊,5
蓋,4
蓓,5
蓝,3
蓦,5
蓬,5
蓮,4
蔑,5
蔓,5
蔔,5
蔗,5
蔚,5
蔡,4
蔣,4
蔥,5
蔬,5
蔭,5
蔷,5
蔺,5
蔼,5
蔽,5
蕃,5
蕉,5
蕊,5
蕙,5
蕩,5
蕪,5
蕭,4
蕾,5
薄,4
薇,5
薑,5
薔,5
薛,5
薦,3
薩,4
薪,4
薯,5
薰,5
藉,4
藍,3
藏,4
藐,5
藝,3
藤,4
藥,4
藩,5
藹,5
藺,5
藻,5
蘆,5
蘇,4
蘊,5
蘋,5
蘭,3
蘿,5
虎,3
虏,5
虐,5
虑,3
虔,5
處,2
虛,4
虜,5
虞,5
號,2
虧,4
虫,5
虹,5
虽,2
虾,5
蚀,5
蚁,5
蚂,5
蚊,5
蚓,5
蚣,5
蚤,5
蚯,5
蚱,5
蚵,5
蛀,5
蛇,5
蛊,5
蛋,4
蛎,5
蛙,4
蛛,5
蛤,5
蛮,3
蛰,5
蛻,5
蛾,5
蜀,5
蜂,4
蜈,5
蜍,5
蜓,5
蜗,5
蜘,5
蜜,4
蜢,5
蜥,5
蜴,5
蜻,5
蝇,5
蝉,5
蝕,5
蝙,5
蝠,5
蝦,5
蝴,5
蝶,4
蝸,5
螂,5
螃,5
融,4
螞,5
螢,3
螳,5
螺,5
蟀,5
蟄,5
蟋,5
蟑,5
蟬,5
蟲,4
蟹,4
蟻,5
蟾,5
蠅,5
蠍,4
蠟,5
蠢,5
蠣,5
蠱,5
蠶,5
蠹,5
蠻,3
血,3
衅,5
衆,3
行,2
衍,5
術,3
衔,5
街,4
衛,3
衝,4
衡,4
衣,4
补,3
表,2
衫,5
衬,5
衰,5
衷,5
袁,5
袂,5
袅,5
袋,4
袍,5
袒,5
袖,5
袜,5
被,2
袭,5
袱,5
裁,4
裂,4
装,2
裊,5
裔,5
裕,4
裘,5
裙,5
補,3
裝,2
裡,2
裤,4
裳,5
裴,5
裸,5
裹,5
製,3
複,4
褐,5
褒,5
褔,5
褚,5
褪,5
褲,4
褻,5
襄,5
襟,5
襪,5
襯,5
襲,5
西,2
要,1
覆,4
見,2
規,3
覓,5
視,2
親,3
覺,2
覽,4
觀,2
见,2
观,2
规,3
觅,5
视,2
览,4
觉,2
角,3
觞,5
解,2
觴,5
觸,4
言,2
訂,4
計,2
訊,1
討,2
訐,5
訓,3
訕,5
託,4
記,2
訛,5
訝,5
訟,5
訢,5
訣,5
訥,5
訪,4
設,2
許,2
訴,2
訶,5
診,5
註,3
証,4
詐,5
詔,5
評,3
詗,5
詛,5
詞,3
詠,5
詢,4
詣,5
試,2
詩,4
詬,5
詭,5
詮,5
詰,5
話,2
該,2
詳,3
詹,5
誅,5
誇,4
誉,4
誌,4
認,2
誓,4
誕,4
誘,5
語,2
誠,3
誡,5
誣,5
誤,3
誦,5
誨,5
說,1
誰,2
課,2
誼,4
調,3
諂,5
談,3
請,1
諒,4
論,2
諜,5
諦,5
諧,5
諭,5
諮,5
諱,5
諳,5
諷,5
諸,3
諺,5
諾,4
謀,4
謂,3
謊,5
謎,5
謗,5
謙,5
講,2
謝,2
謠,5
謬,5
謹,5
謾,5
證,3
譎,5
譏,5
識,2
譚,5
譜,4
警,3
譬,5
譯,4
議,2
譴,5
護,3
譽,4
讀,2
變,2
讓,2
讚,4
计,2
订,4
认,2
讥,5
讦,5
讨,2
让,2
讪,5
训,3
议,2
讯,1
记,2
讲,2
讳,5
讶,5
讷,5
许,2
讹,5
论,2
讼,5
讽,5
设,2
访,4
诀,5
证,3
诃,5
评,3
诅,5
识,2
诈,5
诉,2
诊,5
词,3
诏,5
译,4
试,2
诗,4
诘,5
诚,3
诛,5
话,2
诞,4
诟,5
诠,5
诡,5
询,4
诣,5
该,2
详,3
诫,5
诬,5
语,2
误,3
诱,5
诲,5
说,1
诵,5
请,1
诸,3
诺,4
读,2
课,2
谁,2
调,3
谄,5
谅,4
谈,3
谊,4
谋,4
谍,5
谎,5
谐,5
谓,3
谕,5
谘,5
谙,5
谚,5
谛,5
谜,5
谢,2
谤,5
谦,5
谨,5
谩,5
谬,5
谭,5
谱,4
谲,5
谴,5
谷,4
豁,5
豆,4
豈,4
豎,5
豐,4
豔,5
豚,5
象,2
豪,4
豫,5
豬,3
豹,5
貂,5
貌,4
貍,5
貓,2
貝,4
貞,4
負,3
財,4
貢,4
貧,5
貨,4
販,5
貪,4
貫,4
責,3
貳,5
貴,3
貶,5
買,2
貸,5
費,2
貼,3
貿,5
賀,4
賄,5
資,2
賈,5
賊,5
賓,4
賜,4
賞,3
賠,5
賢,4
賣,3
賤,4
賦,4
質,3
賬,5
賭,4
賴,4
賺,4
購,4
賽,2
贅,5
贈,4
贊,4
贏,4
贓,5
贖,5
贝,4
贞,4
负,3
贡,4
财,4
责,3
贤,4
败,3
账,5
货,4
质,3
贩,5
贪,4
贫,5
贬,5
购,4
贯,4
贰,5
贱,4
贴,3
贵,3
贷,5
贸,5
费,2
贺,4
贼,5
贾,5
贿,5
资,2
赋,4
赌,4
赎,5
赏,3
赐,4
赔,5
赖,4
赘,5
赚,4
赛,2
赞,4
赠,4
赢,4
赤,4
赦,5
赫,5
走,2
赴,5
赵,3
起,2
趁,5
超,2
越,3
趋,4
趕,3
趙,3
趟,5
趣,3
趨,4
足,3
趴,5
趾,5
跃,4
跆,5
跋,5
跌,4
跎,5
跑,3
跛,5
距,4
跟,2
跡,4
跤,5
跨,5
跪,5
路,2
跳,3
践,5
跷,5
踅,5
踌,5
踏,4
踐,5
踢,4
踩,5
踮,5
踴,5
踹,5
蹂,5
蹄,5
蹈,5
蹉,5
蹋,5
蹟,4
蹤,4
蹦,5
蹲,5
蹺,5
躁,5
躇,5
躊,5
躍,4
躏,5
躪,5
身,2
躬,5
躯,5
躲,4
躺,5
軀,5
車,2
軌,4
軍,2
軒,4
軟,3
軸,5
軾,5
較,2
載,3
輒,5
輔,4
輕,3
輛,4
輝,4
輩,4
輪,4
輯,3
輸,3
輻,5
輾,5
輿,5
轄,5
轅,5
轉,2
轍,5
轎,5
轟,4
车,2
轨,4
轩,4
转,2
轮,4
软,3
轰,4
轴,5
轻,3
轼,5
载,3
轿,5
较,2
辄,5
辅,4
辆,4
辈,4
辉,4
辐,5
辑,3
输,3
辕,5
辖,5
辗,5
辙,5
辛,4
辜,5
辞,4
辟,5
辣,5
辦,2
辨,4
辩,4
辫,5
辭,4
辮,5
辯,4
辰,5
辱,4
農,4
边,2
辽,5
达,3
迁,4
迂,5
迄,5
迅,4
过,1
迈,4
迋,5
迎,3
运,2
近,2
返,5
还,1
这,1
进,2
远,2
违,4
连,2
迟,4
迢,5
迦,5
迪,4
迫,4
述,3
迳,5
迴,4
迷,2
迺,5
追,3
退,3
送,3
逃,4
逅,5
逆,4
选,2
逊,4
逍,5
透,4
逐,4
递,5
途,4
逕,5
逗,5
這,1
通,2
逛,4
逝,4
逞,5
速,2
造,2
逢,3
連,2
逮,5
週,3
進,2
逸,4
逻,4
逼,4
逾,5
遁,5
遂,5
遇,3
遊,3
運,2
遍,4
過,1
遐,5
遑,5
道,1
達,3
違,4
遗,4
遙,4
遜,4
遞,5
遠,2
遣,5
遨,5
適,3
遭,4
遮,5
遲,4
遴,5
遵,5
遷,4
選,2
遺,4
遼,5
避,4
邀,4
邁,4
邂,5
邃,5
還,1
邊,2
邏,4
邓,5
那,1
邦,4
邪,4
邮,4
邱,4
邵,5
邹,5
邻,4
郁,5
郊,5
郎,4
郑,4
郝,5
郡,5
郤,5
部,2
郭,3
郵,4
都,1
鄉,4
鄒,5
鄙,5
鄧,5
鄭,4
鄰,4
酋,5
酌,5
配,3
酒,3
酥,5
酪,5
酬,5
酱,5
酵,5
酷,4
酸,4
酹,5
酿,5
醇,5
醉,4
醋,5
醒,4
醜,4
醫,3
醬,5
釀,5
釁,5
采,4
释,3
釋,3
里,3
重,2
野,3
量,2
釐,5
金,2
釗,5
釘,5
針,4
釣,4
釵,5
釷,5
鈍,5
鈑,5
鈔,5
鈕,5
鈞,5
鈣,5
鈴,4
鈺,5
鉅,5
鉗,5
鉛,5
鉤,5
鉴,5
銀,4
銅,5
銓,5
銘,3
銜,5
銬,5
銳,4
銷,4
鋁,5
鋒,4
鋪,5
鋸,5
鋼,4
錄,2
錐,5
錚,5
錢,2
錦,4
錫,5
錯,2
錶,5
鍊,5
鍋,4
鍍,5
鍛,5
鍵,3
鍾,4
鎔,5
鎖,4
鎚,5
鎧,5
鎮,4
鎳,5
鏈,5
鏘,5
鏟,5
鏡,4
鏢,5
鏽,5
鐘,3
鐵,3
鐸,5
鑄,5
鑑,4
鑒,5
鑫,5
鑰,5
鑼,5
鑽,5
鑿,5
针,4
钉,5
钊,5
钍,5
钓,4
钗,5
钙,5
钜,5
钝,5
钞,5
钟,3
钢,4
钣,5
钥,5
钦,4
钧,5
钮,5
钰,5
钱,2
钳,5
钻,5
铁,3
铃,4
铅,5
铎,5
铐,5
铜,5
铝,5
铠,5
铨,5
铭,3
铮,5
铲,5
银,4
铸,5
铺,5
链,5
销,4
锁,4
锅,4
锋,4
错,2
锡,5
锣,5
锥,5
锦,4
键,3
锯,5
锵,5
锺,4
锻,5
镀,5
镇,4
镍,5
镖,5
镜,4
長,2
长,2
門,2
閃,4
閉,4
開,2
閏,5
閑,5
閒,4
間,2
閔,5
閣,4
閥,5
閨,5
閩,5
閱,4
閹,5
閻,5
闆,4
闇,5
闊,4
闋,5
闌,5
闕,5
闖,5
關,2
闡,4
闢,5
门,2
闪,4
闭,4
问,1
闯,5
闰,5
闲,5
间,2
闵,5
闷,4
闹,4
闺,5
闻,3
闽,5
阀,5
阁,4
阉,5
阎,5
阐,4
阑,5
阔,4
阕,5
阙,5
队,2
阪,5
阮,5
阱,5
防,3
阳,3
阴,4
阵,3
阶,4
阻,4
阿,2
陀,4
附,3
际,3
陆,3
陈,2
陋,5
陌,5
降,4
限,3
陡,5
院,3
陣,3
除,2
陨,5
险,3
陪,4
陰,4
陳,2
陵,4
陶,5
陷,4
陸,3
陽,3
隅,5
隆,4
隊,2
隍,5
階,4
随,3
隐,4
隔,4
隕,5
隘,5
隙,5
際,3
障,4
隧,5
隨,3
險,3
隱,4
隶,5
隸,5
隻,3
难,2
雀,5
雁,5
雄,3
雅,4
集,3
雇,5
雋,5
雌,5
雍,5
雏,5
雕,5
雖,2
雙,3
雛,5
雜,3
雞,4
離,3
難,2
雨,3
雪,4
雯,5
雱,5
雲,3
雳,4
零,4
雷,3
電,1
雾,4
需,2
霄,5
霆,5
震,4
霈,5
霉,5
霍,5
霎,5
霏,5
霓,5
霖,5
霜,5
霞,5
霧,4
霭,5
露,4
霸,4
霹,4
霾,5
靂,4
靄,5
靈,3
青,3
靓,5
靖,4
静,3
靚,5
靜,3
非,2
靠,3
靡,5
面,2
靥,5
靨,5
革,4
靴,5
靶,5
鞋,4
鞍,5
鞏,5
鞑,5
鞘,5
鞠,5
鞭,5
韃,5
韋,5
韌,5
韓,4
韜,5
韦,5
韧,5
韩,4
韬,5
音,2
韶,5
韻,4
響,3
頁,4
頂,4
頃,5
項,3
順,3
須,3
頌,5
預,3
頑,4
頒,5
頓,4
頗,4
領,3
頡,5
頤,5
頭,2
頰,5
頸,5
頹,5
頻,4
顆,4
題,2
額,4
顏,4
願,3
顛,5
類,2
顧,3
顫,5
顯,3
顱,5
页,4
顶,4
顷,5
项,3
顺,3
须,3
顽,4
顾,3
顿,4
颁,5
颂,5
预,3
颅,5
领,3
颇,4
颈,5
颉,5
颊,5
颐,5
频,4
颖,5
颗,4
题,2
额,4
颠,5
颤,5
風,2
颱,5
颺,5
飄,4
飆,5
风,2
飘,4
飙,5
飛,2
飞,2
食,4
飢,5
飨,5
飪,5
飯,4
飲,4
飼,5
飽,4
飾,4
餃,5
餅,4
養,3
餌,5
餐,3
餒,5
餓,5
餘,4
館,3
餵,5
餾,5
饅,5
饋,5
饑,5
饒,5
饗,5
饥,5
饪,5
饭,4
饮,4
饰,4
饱,4
饲,5
饵,5
饶,5
饺,5
饼,4
饿,5
馁,5
馆,3
馈,5
馏,5
馒,5
首,3
香,3
馨,5
馬,2
馮,5
馳,5
馴,5
駁,5
駐,4
駒,5
駕,4
駛,4
駝,5
駭,5
駱,5
駿,5
騁,5
騎,3
騏,5
騙,4
騰,5
騷,4
驀,5
驅,4
驕,5
驗,2
驚,4
驛,5
驟,5
驢,5
马,2
驯,5
驰,5
驱,4
驳,5
驴,5
驶,4
驹,5
驻,4
驼,5
驾,4
驿,5
骄,5
骆,5
骇,5
骋,5
验,2
骏,5
骐,5
骑,3
骗,4
骚,4
骤,5
骨,4
骯,5
骰,5
骷,5
骸,5
髅,5
髏,5
髒,5
髓,5
體,2
高,2
髮,4
鬆,4
鬍,5
鬓,5
鬚,5
鬢,5
鬥,4
鬧,4
鬱,4
鬼,3
魁,5
魂,4
魄,5
魅,4
魉,5
魎,5
魏,5
魔,3
魚,3
魯,4
鮑,5
鮮,4
鯉,5
鯊,5
鯨,5
鯽,5
鰱,5
鰻,5
鱉,5
鱗,5
鱷,5
鱼,3
鲁,4
鲍,5
鲜,4
鲢,5
鲤,5
鲨,5
鲫,5
鲸,5
鳖,5
鳗,5
鳞,5
鳥,3
鳩,5
鳳,2
鳴,4
鴉,5
鴕,5
鴛,5
鴦,5
鴨,5
鴻,4
鴿,5
鵑,5
鵝,4
鵡,5
鵬,5
鵰,5
鵲,5
鶯,5
鶴,5
鷗,5
鷥,5
鷹,4
鷺,5
鸚,5
鸝,5
鸟,3
鸠,5
鸣,4
鸥,5
鸦,5
鸭,5
鸯,5
鸳,5
鸵,5
鸶,5
鸽,5
鸿,4
鹂,5
鹃,5
鹅,4
鹉,5
鹊,5
鹏,5
鹤,5
鹦,5
鹭,5
鹰,4
鹹,5
鹼,5
鹽,5
鹿,4
麒,5
麓,5
麗,3
麟,5
麥,4
麦,4
麵,4
麻,3
麼,1
黃,2
黎,4
黏,5
黑,3
默,4
黛,5
點,2
黨,2
黯,5
鼎,5
鼓,4
鼠,4
鼻,4
齊,4
齋,4
齐,4
齒,4
齡,4
齣,5
齿,4
龄,4
龍,2
龐,5
龔,5
龙,2
龚,5
龜,4
龟,4
